patients,time_sec,patients_per_sec
100,14.310265302658081,6.9879906406365055
500,14.083407163619995,35.502772460601086
1000,14.095048904418945,70.9468982180324
2500,14.037903070449829,178.08927640073028
2500,14.820534229278564,168.68487743587198
