type,feature,high_response_rate,low_response_rate,delta,clinical_note,features,delta_response
predictive,p53_mean,0.43434343434343436,0.0,0.43434343434343436,43.4% response difference,,
predictive,p53_auc,0.43434343434343436,0.0,0.43434343434343436,43.4% response difference,,
predictive,p53_max,0.42424242424242425,0.010101010101010102,0.41414141414141414,41.4% response difference,,
predictive,p53_final,0.42424242424242425,0.010101010101010102,0.41414141414141414,41.4% response difference,,
predictive,p53_variance,0.41414141414141414,0.020202020202020204,0.3939393939393939,39.4% response difference,,
